<?xml version="1.0" encoding="UTF-8" standalone="yes"?>
<files xmlns="http://apstandard.com/ns/1" xmlns:ns2="http://www.w3.org/2000/09/xmldsig#">
    <file name="scripts/user.php" size="2963" sha256="84470fa0dde49240572eb7dec89a6402532455d0b27dd3bdfd53b27693978959"/>
    <file name="scripts/subscription_service.php" size="2158" sha256="696b11854fb210293ccbfbaf3b724a3a8e15e352525e035f7c65fc7f03fd9acd"/>
    <file name="scripts/utils.php" size="776" sha256="75f64bea14aaddcc10ce27556d1788364398ea3f89cda3ab752ddbd66e79d1a4"/>
    <file name="scripts/application.php" size="584" sha256="53afb40849c760530a5a700467884581ebfffd89f4b2bf4dea9485669932e3d2"/>
    <file name="ui/mycp.html" size="163" sha256="02791797e47042e65a0846006e0229397503b91ff20fb7157def934b642dba79"/>
    <file name="ui/js/suwizard.new.js" size="2030" sha256="ab9e1b8af9ada6de21d2715305fbee68d2d9ca59da48012c07674736d1139554"/>
    <file name="ui/js/suservice.view.js" size="1562" sha256="23f11926fee8829438686342a82ec48ef4b084e1e7a8513ecd4daab83229fbfd"/>
    <file name="ui/js/user.json" size="287" sha256="ce4f801b5841064bf03ea8bdc34a72e4549a593cdcb2c7ef8790640bc887d958"/>
    <file name="ui/js/suwizard.overview.js" size="1158" sha256="069701ddd1027a7c81d57adc7b7d51b60b81aa87b1c856bfbe38f01c72d4cbee"/>
    <file name="ui/js/mycp.js" size="1356" sha256="7c334e48a9522bb8f56faa802cc51acb9ea23fab40017b714e22be5ddb4ae647"/>
    <file name="ui/suwizard.overview.html" size="176" sha256="e29ff9e331f8824ccfcdd44bd95725ff3e45ebf02150e2cead7d7c35f4174965"/>
    <file name="ui/suwizard.new.html" size="171" sha256="eeed7a9b1953752aa64318001b3439bcf97ee44ca1feca90ecdc88d326357597"/>
    <file name="ui/suservice.view.html" size="173" sha256="1924979092f35b94a579d025045a074a877f0fdb75f93bec2bf63f85a70f423f"/>
    <file name="schemas/application.schema.gen" size="650" sha256="cb8006faaa9f246830dd5bb1f9f21edd134de5b9419316bff3da594c5da02f34"/>
    <file name="schemas/subscription_service.schema.gen" size="1183" sha256="adef305fecc891c8ab39014443613643efce5c8ac542658610299ba657de540d"/>
    <file name="schemas/user.schema.gen" size="1253" sha256="905b45ab529a46b85c06a9a4d7d8d056d2e426e486dfddf32a662647302ccfae"/>
    <file name="APP-META.xml" size="1889" sha256="400eb36c45646b0616f749b1fe8e8321350d42cf1e5b86f670bc973fb94b6da4"/>
</files>
