<?xml version="1.0" encoding="UTF-8" standalone="yes"?>
<files xmlns="http://apstandard.com/ns/1" xmlns:ns2="http://www.w3.org/2000/09/xmldsig#">
    <file name="scripts/user.php" size="2973" sha256="ed66ab685f5e5b8d31b2d817a08077869850d6ef2adb419a811da61722c43fdc"/>
    <file name="scripts/subscription_service.php" size="2173" sha256="17c2ccbcd0dc06dea9e3c4a3c01c14f47de941f0943d8e4ca1965aaedd704f6d"/>
    <file name="scripts/utils.php" size="776" sha256="75f64bea14aaddcc10ce27556d1788364398ea3f89cda3ab752ddbd66e79d1a4"/>
    <file name="scripts/application.php" size="594" sha256="f13c8188eca415498050406a2879daceaad6869f53d527daa766896c6f119e6e"/>
    <file name="ui/mycp.html" size="163" sha256="02791797e47042e65a0846006e0229397503b91ff20fb7157def934b642dba79"/>
    <file name="ui/js/suwizard.new.js" size="2074" sha256="9966ead179285d2a34d6f7213ef6ffae6151d35778ae78162c1798adeaba9ffc"/>
    <file name="ui/js/suservice.view.js" size="1549" sha256="ff9fd1a966bb2053e7bbae0e6019222382d6a0a90e697cf8ab3ceeb4a46e5c01"/>
    <file name="ui/js/user.json" size="292" sha256="f8e4401893ffa110a53f227c3031a45110ed5e33f97823f1a867a7d03b6c151f"/>
    <file name="ui/js/suwizard.overview.js" size="1138" sha256="3dd8b43d381465874af5dd5d8ef815e815bf8d5c4951e57d93ad877e8f3b7b78"/>
    <file name="ui/js/mycp.js" size="1336" sha256="0c94d1344cde3625b5418b61f3eedd7a3628fbe366e7befc00d57486d1e5343b"/>
    <file name="ui/suwizard.overview.html" size="176" sha256="e29ff9e331f8824ccfcdd44bd95725ff3e45ebf02150e2cead7d7c35f4174965"/>
    <file name="ui/suwizard.new.html" size="171" sha256="eeed7a9b1953752aa64318001b3439bcf97ee44ca1feca90ecdc88d326357597"/>
    <file name="ui/suservice.view.html" size="173" sha256="1924979092f35b94a579d025045a074a877f0fdb75f93bec2bf63f85a70f423f"/>
    <file name="schemas/application.schema.gen" size="660" sha256="75711c6ae92e0bf792616d03a755f8839a2ec283b369133d5648a0a1649a533d"/>
    <file name="schemas/subscription_service.schema.gen" size="1198" sha256="a6705d8925d498395990dea9adbf2f44e97d649f55c6dc3f87ec125f83a97123"/>
    <file name="schemas/user.schema.gen" size="1263" sha256="8441a1a75585fd5ce73579c161e937194927b32681c3c5b8901713bce9b2aa29"/>
    <file name="APP-META.xml" size="1903" sha256="15b27475efa57992e4d3fdd73ce140f3f30991c5fa79de2865a9cc4f3edb8acc"/>
</files>
